r_points,r_text,place,
40,"The staff were very friendly. The first room that they gave me stank of cigarette smoke but the reception was very quick to change the room. The second room was perfectly clean and sufficient. It is very basic but perfect for my needs. The breakfast was OK, I have had better but what was on offer was fine.",Altius Boutique Hotel,Review 1 Similarity:  0.41602514716892186
40,"I was coming for a three days business trip. The room was correct and clean, and the bed comfortable. The breakfast was not the best I had but honest. The staff was extremely polite and dedicated. For this kind of stay : leaving early and coming back late, the place was perfectly fulfilling my expectations.",Altius Boutique Hotel,Review 2 Similarity:  0.3779644730092272
30,"I stayed here in September 2019. I stayed for one night. The room I had was very simple and dated. It was a pace to sleep and lock up my luggage, but I had a room overlooking two busy streets from the second floor, so it was noisy until late in the evening. Fine seafood dining is available at Pyxida a short 15 minute walk away. make reservations; this excellent restaurant is very busy. Also right across the street is Pantopoleio another excellent and less-pricey restaurant.",Altius Boutique Hotel,Review 3 Similarity:  0.2672612419124244
50,We had a conference here. Nice hotel - simple but clean. The conference facilities were great and food delicious. The staff were helpful and friendly. Breakfast is nice. I was there with a baby and it was comfortable,Altius Boutique Hotel,Review 4 Similarity:  0.0
40,"The staff is amazingly helpful and friendly, always smiling, offering tea, coffee or whatever you need. The food is delicious and diverse. The rooms are clean, just need to be ventilated more if people were smoking in there. Generally, highly recommended ðŸ˜‰ Vilma",Altius Boutique Hotel,Review 5 Similarity:  0.0
50,The staff and facilities were second to none. The location is superb and is within a 10-15 minute walk of the famous Ledra Street. The rooms were spacious with plenty of space for families and couples. I would highly recommend staying here if you have the opportunity to do so. Thanks goes out to everyone at Altius for making my stay in Nicosia unforgettable.,Altius Boutique Hotel,Review 6 Similarity:  0.35355339059327373
40,"The Altius was chosen as the event hotel for a conference I attended. Very good location, within walking distance (20 min) to Central bus station and Old town. Staff are extremely helpful, speak several languages, go out of their way to be helpful booking a minibus, seeking out coach timetables, offering advice on historic sites or attractive beaches. Always ice cold water by Reception to remind you to hydrate! The rooms are a good size, bathroom fairly large as well. Very clean! The street it is in gets noisy after 6 a.m. but shutting the windows and switching A/C on deals with that. Breakfast was very good, with local Cypriot foods along with the expected European fresh and cooked goodies. Highly recommend the Altius!",Altius Boutique Hotel,Review 7 Similarity:  0.2
30,"The people at the Altius are agreeable, helpful and eager to please. The bedrooms are dated and tired. Two examples. 1. Our bathroom had no grab handle or support when getting into/out of the bath/shower (perilous for those with stiff backs) and the floor, while clean, showed wear and tear. 2. The desk has no power points: the nearest one was used by room's standing lamp - at least 3 power points by the desk are needed (more are desirable).",Altius Boutique Hotel,Review 8 Similarity:  0.5
50,"Excellent but a little bit noisy location because of traffic.With a very friendly staff, this hotel is an excellent location to start exploring Nicosia. The rooms are space enough, very comfortable and the breakfast not very varied but very tasty.Certainly in the future we'll stay again in this hotel. Thank's Altius Boutique Hotel and see you soon !",Altius Boutique Hotel,Review 9 Similarity:  0.2
50,A highly recommended hotel in Nicosia. It is close to all amenities and the staff are extremely helpful.Moreover the rooms are always cleaned and the breakfast is really good.It is very reasonably priced and thus if youâ€™re planning to stay in Nicosia for a couple of days I highly recommend you stay at the Altius.,Altius Boutique Hotel,Review 10 Similarity:  0.375
40,The service was very good and the staff was attentive and friendly.The location is OK.The room was also nice but on a noisy street and without dougle glazing windows this can be an issue. We could hear the noisy coming from the restaurant opposite the hotel but luckily at midnight sharp they stopped the music.Breakfast was nice.,Altius Boutique Hotel,Review 11 Similarity:  0.2886751345948129
20,"I have been hosted in a room dedicated for disabled people, without me knowing it ahead of time. When I asked from the reception to change they told me that there is no other room available, it was already 21:00 o clock. Once I had a shower it was not possible to enter to the bath room again, (see picture) unless I take into consideration that I had to get wet shoes and underwear! There is an instant coffee maker (water heater), no sugar, no spoon. The room is at the first floor that is very noisy from the street that is in front of the hotel. There is a nice family feast aura to just across the street, that makes life easier for lunch or dinner. Breakfast I will comment once I get the experience.",Altius Boutique Hotel,Review 12 Similarity:  0.4472135954999579
50,"Arrived with no booking and they sorted us out straight away and provided amazing customer service throughout our trip. Beautiful hotel, decent sized room, very clean and friendly. Would definitely reccomend",Altius Boutique Hotel,Review 13 Similarity:  0.4472135954999579
30,"The first impression was probably the worst. We arrived with a partner at 23:00 and they gave us the wrong room twice! The third time we finally got our room, after we wake up another customer.Breakfast was ok, but service was not up to the expected standard.",Altius Boutique Hotel,Review 14 Similarity:  0.5669467095138407
30,"Arrived to find very helpful staff on reception at night, who offered me a drink which was great. Then problems started: No remote control in room, I was brought another but it didn't work. Tea/Coffee making facilities in room, but with the wrong plug and no adapter in room. Bathroom floor badly made, so I ended up flooding the bathroom when I had a shower.",Altius Boutique Hotel,Review 15 Similarity:  0.41602514716892186
10,"Very bad service, A/C not working. not very clean... what else?Empty room, with smelly blankets...Bathroom like the ones in student dormitory.Marks on the walls,WiFi was not bad...!No gym, tv smaller than my laptop.",Altius Boutique Hotel,Review 16 Similarity:  0.5
30,"Average hotel, with a lot of booking mistakes. They made a horrible mistake with me and woke me up at 11 to tell me that I should leave because Id just book for 2 days. Later after a day we discovered a huge mistake done by the administration. Some rooms are not equipped by a fridge. Rooms are also noisy.",Altius Boutique Hotel,Review 17 Similarity:  0.0
20,"I stayed at Altius hotel for a single night during a business trip in Nicosia.The hotel was booked by a travel agency at the price of 93 euros, including breakfast, plus 16 euros for a dinner.The hotel was a descent lobby and my room was fair spacious.My first bad impression was during the checkin. I gave to the polite receptionist my id card, she immediately found my reservation but though I was the only customer checking in, I was asked to wait for a while. This ""while"" took 10 minutes. Moreover, I was asked if I wanted to be offered some drink, I ordered some wated but it never came.My room was spacious, the matress of good quality but the bathroom rather old. The towels were too hard and the cosmetics just basic. Moreover, though I was on the 6th floor, there was too noise from the street. It had a tv of 20'' on the wall, which is funny because you cannot have such a tiny tv 3 meters away from the head of the bed. Moreover the fridge was empty, not even any bottle of water inside. So, what was the meaning of the tea boiler?At night I visited the restaurant. Though there were only 2 more customers there, I had to wait for about ten minutes for someone to show up and bring me the menu.The menu had 3 salads, 3 pizzas, 3-4 meat plates and a few other dishes.I ordered 1 salad, 1 pizza, 1 beer and a 1lt bottle of water. Despite my extra charge of 16 suros for the dinner, in the beginning the waiter informed me that I can only have a single choice, and all others are extra. Later on he asked someone what is included in half board and I was told that I have to pay for the drinks.Remember, I was charged 16 euros for the dinner, my meals choices costed 12,5 euros (in the menu) but I had an extra charge of 5.5 euros for the drinks.The quality of the salad was fair, but the pizza was one of those 6 pieces low quality frozen pizzas you can buy at the super market.When checking out, I payed for the 5.5 euros for the drinks but when I asked for a receipt, I was told that I cannot get because my room was booked and payed by a travel agency. But It was me who payed the extra cost, how can they send this amount to the travel agency? The receptionist offered me to send me some receipt by e-mail but there was no meaning to spend so much time in the checkout for so simple issues, since I was in a hurry. It had already took me long since the receptionist was busy with some paperwork.In conclusion, Altius is a hotel that has partly been renovated, the staff is polite but seems amateur, its processes need reengineering and the restaurant is very bad. If it costed about 50 euros it would me fair.I hope that the hotel management will consider my critisism.",Altius Boutique Hotel,Review 18 Similarity:  0.35355339059327373
40,"The highlight of the hotel was the kindness of its staff -- especially Demetra, Venetia, Ioanna, and Nataly, who did what they could to make sure that my stay was comfortable and solve any issues that arose. I appreciated the help in switching to a nicer room with a refrigerator to keep my medicine cold. The rooms on the whole were basic and the atmosphere/bed linens a bit tired, and the location of the property is a bit off the beaten path, but overall it wasn't a bad deal for last-minute.One note: I pre-paid online through Hotels.com because the hotel website would not take last-minute bookings and, when travel issues came up, called the hotel to let them know in advance that I would not be able to make it the first night. To my surprise, my reservation was gone by the time I got there. Luckily it wasn't busy or at capacity, but it would have saved a lot of time and extra effort on the part of the staff, who had to search for it unsuccessfully and then re-book.If you're looking for a nice place to eat within walking distance, I highly recommend the Syrian Arab Friendship Club restaurant, just a couple blocks west of the hotel.",Altius Boutique Hotel,Review 19 Similarity:  0.17677669529663687
50,"Stayed in this hotel for a conference at the University of Nicosia in March 2015 and was pleasantly surprised. It is nothing fancy, but covers the needs of every business traveler. I especially appreciated the friendly attitude of the staff which was always ready to satisfy any request. I had to work on a paper late at night and they immediately provided me with the manager's desk (!) in a quiet room where I could work and print for as long as I wanted! They even brought me tea and coffee for free for as long as I worked! This is really excellent service. Many thanks.",Altius Boutique Hotel,Review 20 Similarity:  0.31622776601683794
50,"A warm welcome with water & juice, kind staff ( something you will find it hard to find in the European continent), 2 connecting rooms for a family of 4, decent breakfast, clean and calm room surroundings is too good for a Two Star Hotel. A tick in all the review boxes If the Hotel is present in one of the capes or near to the sea shore.",Altius Boutique Hotel,Review 21 Similarity:  0.15811388300841897
30,"An event booked for a conference where I was a speaker for a local company! The space was semi clean, the table clothes had been used before us and were wrinkled! The coffee service was slow. This is a beautiful place with good energy and good people working there but somehow they keep missing points on cleanliness, quality and speed of service! This is my second not so good experience there! I do wish them well!",Altius Boutique Hotel,Review 22 Similarity:  0.2672612419124244
30,"I was staying in Altius in May for busines and the only word, which comes to my mind is ""basic"". Air conditioning in the room wasn't working properly and there was a persistent smell of sewage in the lobby. You can walk to the city centre but this is a 25-30 min walk, which is not a nice walk. The nearest cash point is half way though this walk. All in all, you can stay here if you are after an inexpensive stay. Mind you the hotel is sandwiched between two busy roads and it can be quite noisy. On a positive side, the staff were very friednly, Altius offers a good breakfast and there is a decent bar. WiFi was poor",Altius Boutique Hotel,Review 23 Similarity:  0.44194173824159216
30,"I couldn't really complain too much about my stay here. The rooms are fairly basic in terms of decor but my room had a nice balcony (although views are of other buildings and a road), a fridge, a hairdryer, desk , couch, and decent enough tv.I was missing a bathmat 2 of the days i stayed there which meant water went all over the bathroom as its a bath shower. One of my towels was a bit grim one of the days i didn't use it for that reason but other than that the place was clean and comfortable.Staff were very nice and helpfulBreakfast was basic enough but again had everything you'd want really.No draught beer in the bar which was a bit disappointing and the location isn't amazing. Its about a 20 minute walk from ledras street and whilst there are a one or two cafes and restaurants within 10 minutes there isn't an abundance of choice closeby.Overall i was satisfied and cant really complain",Altius Boutique Hotel,Review 24 Similarity:  0.2773500981126146
40,The hotel has very nice and big rooms. The entire staff at the hotel is very friendly especially at the one at the reception. All the staff is very conversant with English. Food is also nice with some decent options for vegetarians as well.,Altius Boutique Hotel,Review 25 Similarity:  0.0
50,"I stayed for three days two weeks ago at this hotel, the hotel has a perfect location, clean rooms, and very friendly staff for an affordable rate, F&B is quite fine but it could be better, it is perfect for business trips or short stays.",Altius Boutique Hotel,Review 26 Similarity:  0.0
50,"I stayed in Altius boutique, Nicosia, Cyprus for a week starting 12 of Feb room 412I highly recommend this hotel. Starting by the manager who knows what he's doing to his lovely wife at the front office and her staff all very professional.Cleaning staff very helpful as well as the waiters in the restaurant. Rooms are clean. Any thing you ask you get immediately. I really enjoyed my stay...",Altius Boutique Hotel,Review 27 Similarity:  0.4008918628686366
40,"Good location, newly decorated, clean. The lobby is superb with a smoking area on the terrace. Bed very very comfortable - room is fine for the rating. Only negative comment is TV has Cypriot channels only. I hope they introduce IPTV. F&B is fine although breakfast could be better in terms of choice. The staff are 100% and in particular the wonderful Elle - the assistant manager. Yes i would visit again.",Altius Boutique Hotel,Review 28 Similarity:  0.1889822365046136
20,"A 3 star Hotel that locals are proud of it and regard it as an underprivileged. The fascilities are representatives of a good 3 star Hotel, but till there! No more! Even though, the service level is lower than the expectations! As a customer, I wittnesed the supervisor-recepionist-""welcome girl"" making serious and extended warnings to a waitress because she did not use a kind of paper for its proper use, or something like that. The majority of the stuff showed professionalism and warmth! Even though it fascilitates mostly bussiness trips, the WiFi is unacceptable, not even for Social media use. The food was really boring and the ingredients were of low quality. Avoid having lunch or dinner there because it is sure that you will taste food wine and beer bought from the cheapest German super market of the area! They use funny music at the loby area, they try to put on classic and timeless music in many different countries. On the bright side, the beds are GREAT, and the rooms are nice and spacious. The location is not central but not far from it.",Altius Boutique Hotel,Review 29 Similarity:  0.12909944487358055
40,"The lobby is very nice but that is where the term ""Boutique"" ends. The room was basic chair , 19"" television, and bed. Very stark and no decoration in the room.There was an electric kettle with a selection of instant coffee and tea. There was also a small fridge where you could put items to keep cool.The bed was very comfortable and I slept well with minimal road noise..even on the 1st floor.The room and bathroom was old and worn. That being said, it was clean. The only exception was the black stains(looked like mold) at the bottom of the shower curtain.The restaurant has a limited selection and the breakfast is basic.Hotel does not offer laundry service but there is a facility across from the hotel that does laundry and dry cleaning.The staff is the reason that I have rated this hotel a 4 instead of a 3. They were always friendly and accommodating to my requests.This is a clean, very basic hotel for sleeping. I would stay again next time I am in Nicosia.",Altius Boutique Hotel,Review 30 Similarity:  0.40032038451271784
50,"Super welcome, super staff, super facilities. I was attending a European meeting and we all agreed that the facilities were ideal with different spaces available for different types of work. Really enjoyed my stay and will return again.",Altius Boutique Hotel,Review 31 Similarity:  0.35355339059327373
10,"In the first room I was assigned to there was zero wifi reception. When I complained I was told the hotel was fully booked. A very nice (actually the only nice) person at reception went out of his way to find a solution, and he did. The second room had (good) wifi, but no fridge, and faulty airco. I later discovered that there was also no soap in the dispensers and that the bathroom was smelly. Upon complaining about this next morning I was told by a very indifferent receptionist that she would look into it and reassign my room if necessary. When coming back in the evening she told me that she had completely forgotten. Another room was impossible, the place being full. When I said that I expected something to be done she replied ""what did I think, she had a very busy day"".I was, however, given a fridge (taken from another room I suppose) and the same one and only nice person tried to find technical solutions for the airco. Next morning there was no hot water. I should also mention that breakfast choices are very poor (fresh fruit = sliced grapefruit) and not what you expect from ""boutique"". The hotel prides itself of being close to the old town, but close means a 20 - 30 mins walk. Even checkout was not without a problem: someone had made a mistake and debited my credit card for more than was agreed. I was, however, credited the same day.",Altius Boutique Hotel,Review 32 Similarity:  0.3686048903872428
30,"On arrival, the hotel looked great. A well appointed reception, bar area and restaurant was a good start. The reception staff were friendly, helpful and spoke faultless English. A quick trip on the 1 lift took me to my 3rd floor room. A fairly basic, but again clean twin room. Beds were comfy, lots of 3-pin sockets. However, no air conditioning. Not a major issue as this was October and the 3 nights of my stay were fairly cool. Bathroom was dated but again clean.A buffet breakfast was very good. Good mix of fruit, cereals, meats and hot food. Good supply of coffee and juices too.Hotel wifi was fine. Free and easily accessed on the ground floor and each of the 4 floors of the hotel too.The hotel location was about 15-20 minutes walk into the old town. Reception team provided free maps to help navigation.I'd happily stay again, the average rating is a tad harsh. If there was an option to say GOOD, that would feel more fair.",Altius Boutique Hotel,Review 33 Similarity:  0.2519763153394848
10,"My stay in thus hotel was terrible experience. My room was stinky. Some lights didn't work. Aircondition, what is that?!?! Wifi, what is that?!?! Breakfast, no comment!!! Uncompetent staff at the reception! I could go on and on! How come this kind of ""hotels"" have permition to accept any guests? I am trying to find any good reason!",Altius Boutique Hotel,Review 34 Similarity:  0.3779644730092272
10,"The Aircondition does not work, even though we requested them to look at it before we went out for the afternoon. When we came back it was late, and to late to do anything about it. Room was stuffy, and opening the balcony door was not an option due to noise outside. Service is shocking, it took almost 45 min to book us in when we arrived, we were on a tight schedule because of a race we had entered. We were looking forward to have a couple of drinks in the bar, which was only 1 in the end. The lady managing the bar told us the receptionist could keep serving us, because her shift was finished. That was not the case. We are extremely unhappy with the overall stay in the Altius, and value for money is not compatible.",Altius Boutique Hotel,Review 35 Similarity:  1.0
50,Cyprus Youth Council organised 3 day event in Altius Hotel with 56 Young Participants. The conference rooms and the facilities of the hotel was great and whatever we asked the staff was ready to provide it. We fully recommend Altius Hotel for business conference.It was the second event we organised in Altius Hotel and both times all the participants left us excellent comments for the facilities.,Altius Boutique Hotel,Review 36 Similarity:  0.26940795304016235
30,Nice hotel with great atmosphere. 15 min walk to old town. But the food is not so good. We used the confetence room as well at the underground levels of the hotel and it was quite a good option for business meetings,Altius Boutique Hotel,Review 37 Similarity:  0.12909944487358055
40,"Visited Nicosia for a business trip and stayed in this hotel for 5 days. It was nice and made me feel at home.Specially the lady(Eile Charalambous) was in front desk were very helpful, friendly. Simply she is great.....Thank you very much for",Altius Boutique Hotel,Review 38 Similarity:  0.0
40,"Visited Nicosia in a Business Trip and changed our reservations from another hotel to the Altius Boutique Hotel. We made the right choice. From the time we stepped in till we left the hotel we were made to feel at home. Everyone is very friendly and concerned to keep you comfortable. When you get back after a days work you are greeted withe a smile and an offer for coffee, juice or a simple glass of water - something I found really special. Rooms are comfortable, and the hotel is located close to the city center. The whole team at Altius are mega-friendly. Our sincere thanks and appreciation to Elle for her generous hospitality.",Altius Boutique Hotel,Review 39 Similarity:  0.17407765595569785
40,"Stayed on a Sunday and Monday in the very hot month of August . Very clean nice modern hotel!! Reception staff very helpful!!! The breakfast could be a little richer!!!It is 15min walk from the bus station and the old town.All in all , I would stay again!!!!",Altius Boutique Hotel,Review 40 Similarity:  0.15811388300841897
30,"The front of the hotel is very drab.Lobby looks like the brochure pictures. Limited parking available (~8 spaces max), no shuttle service. The front desk staff we met was superb and very accommodating. The room was spartan and acceptably clean, felt aged. Clean tiled floors in bedroom.The bathroom had a small combined bath-shower, there was noticeable dirt on the wall grouting. Good hot water, limited towels. Aircon was very effective. Has good internet. Hairdryer built into bathroom fixtures. Faded, lower end, business class hotel.",Altius Boutique Hotel,Review 41 Similarity:  0.25
20,"We visit the hotel for graduation of our son.The room was dirty with 100% SYNTETIC blankets and quilt dyring the summer period with 40 C.Bath very old and not clean.No air-condition only clima which is low working.YOU CAN SEE AT THE PHOTOS the dirty windows I have write with my finger,and bed and room at18.30 after cleaning.Breakfast was sufficient .May be they must cut off the Boutique hotel from the title.",Altius Boutique Hotel,Review 42 Similarity:  0.30151134457776363
40,"Stayed in the hotel for three nights. Modern hotel with large rooms, very nice sleep quality of beds & very nice staff. I would like to make special mention of Mr. Panayaios who normally is on night duties and Ms. Lilly. Both were very helpful and smiling all the time.Hotel is not in center but in close proximity.Breakfast was nice and sober. One thing I could suggest would be to add some more options in Menu for Dinner and Lunches.",Altius Boutique Hotel,Review 43 Similarity:  0.0
30,"I visited it in late June to attend my graduation along with my husband. The staff were friendly and helpful. Disappointed our room had no fridge and ironing facilities. We had to ask for an ironing set. The bathroom was moderate, the bathtub was at a very high-level from the ground and the basin water's flow little. Surely expected more!",Altius Boutique Hotel,Review 44 Similarity:  0.25
30,"This hotel is situated very close to the city center (3 minutes by car, or 15 minutes by foot). The price was very affordable, the staff was super polite and their breakfast was not bad. However, there were serious wi-fi problems and my room's window curtains were not completely light-proof. As a result, I woke up early in the morning. This property is ideal if you are planning on staying for a single night and are not looking for too much in terms of services (i.e. wi-fi, tv, etc.)",Altius Boutique Hotel,Review 45 Similarity:  0.20412414523193154
50,"I stayed at the end of June/start of July and had no trouble making a booking online from the UK. If you arrive as i did at Larnaca airport the cheapest way to get to the hotel is via the airport shuttle bus to Nicosia (buy a ticket in the Larnaca airport office - on your left when leaving the arrivals hall) which takes you to the shuttle stop in Nicosia (8 Euro). Buses usually run every hour each way - ask the office for a timetable ready for planning your return trip. Taxis wait at both the shuttle bus centres - take one in Nicosia to the Altius (10 Euro). Alternatively you can take take a taxi from Larnaca airport directly to the hotel but this will be much more expensive (50 Euro).All Altius rooms have small balconies. If you like morning sunshine ask for a room with an even room number, for sunshine from midday to evening ask for an odd-numbered room. The first floor rooms can be noisy; odd-numbered rooms are above the hotel entrance and hear guest arrivals/taxis. Even numbered rooms on the first floor are next to a slightly noisier street and above the outside dining area from the restaurant so may be noisy and experience cigarette smoke so probably best avoided if you dislike that. Rooms from the second floor to the top floor (4th) are generally quieter, although there is some (but not much) noise from local traffic. The hotel is in a fairly quiet part of town.Hotel staff speak English and are very friendly and helpful. I was told there will be 2 English TV channels available in the rooms soon but you might want to take your laptop/tablet if you want to watch TV from home channels. Remember to set up a VPN and Sky Go on your device before you travel (check Google for how to do this).There are some, but not many, restaurants nearby but the hotel breakfast is good with a range of continental and cooked choices, including typical English breakfast fare. Evening meals are good value and there is plenty of choice. The bar is well stocked but expensive, especially for cocktails.If you plan a stay of more than one or two days you may want to make sure your room has a mini fridge (not all do) so you can keep drinks and snacks cool. The nearest local supermarket is very close - about 5 mins walk away (towards the city centre). Hotel reception will give you an excellent local street map. Look to your left down the side streets and the supermarket is about 100 yards along on the right and sells a wide range of dry goods, alcohol, soft drinks, snacks, biscuits and household goods (but no fresh produce or fruit) and the owner speaks excellent English and is very helpful. Prices are good. For fresh fruit you need to go a little further - maybe 20 mins walk towards the university. Look on the left for the store down a side street; it's on the left so be careful not to miss it - watch out for a shoe shop immediately on the corner (left) and that is the street you need. Prices are good and there is plenty of choice but only a little English is spoken. If you miss the store there is another even larger one on the main road you were are on, just a little further on the right (very prominent).The city centre is about 10-15 mins walk away. Head for the busy pedestrianised area for a wide range of bars, cafes and restaurants down the narrow streets - lots of atmosphere.",Altius Boutique Hotel,Review 46 Similarity:  0.27756805500135046
40,"The front desk staff were very friendly and helpful, especially Anelia. The location of the hotel was good for our purposes and the old town is less than 15 minutes walk away.I would recommend this hotel",Altius Boutique Hotel,Review 47 Similarity:  0.0
40,"ProsTop service, staff is really friendly and helpful, you cannot fault this.Location is also good, central but quiet.Rooms are spacious with most facilities, safe at no charge and hospitality tray.ConsSome parts of the hotel, especially the rooms, are a bit tired.Cleaning is good but could be better.Breakfast is OK.Overall, few things could be improved bit this is good value for money for Nicosia and excellent service.",Altius Boutique Hotel,Review 48 Similarity:  0.2
40,"We stayed here 3 nights. Staff were very obliging, and like a previous reviewer, I noticed that the waiter remembered my breakfast tea preferences by second day. Reasonably priced and acceptable evening menu.",Altius Boutique Hotel,Review 49 Similarity:  0.0
30,A comfortable hotel with generous sized bedroom. It is an easy 20 minute walk to the old town where there are many shops and restaurants to cater for all tastes. The car park is small but there is plenty of on-road parking.The buffet style breakfast was comprehensive with good service. This is an average run of the mill hotel for Cyprus.,Altius Boutique Hotel,Review 50 Similarity:  0.15811388300841897
10,"We gave this hotel multiple conference bookings. They kept charging different prices, leaving the rooms dirty etc. To top it all their catering is substandard. They ran out of food on a buffet not to mention the overcharges. Their cafeteria never charges the same price for similar orders. We couldn't even get a waiter to wait on us without asking several times. Lastly we couldn't even get them to give us a quotation without asking a dozen times. I do not recommend it to anyone. To their credit a few of the staff are very polite.",Altius Boutique Hotel,Review 51 Similarity:  0.0
40,"Located about 15 minute walks from the centre. Not much going on around it, although Syrian Arab friendship club is definitely worth a dinner trip. Rooms are clean, although cleaning staff a little make sure it stays that way - knocking on the door at 9am, please. Front-desk very friendly, helpful. Breakfast was ok, nothing more.",Altius Boutique Hotel,Review 52 Similarity:  0.0
40,"I have stayed at this hotel for one night for business. The room was nice and clean. However, the air-conditioning was not working yet even though it was the beginning of May so it was too hot to sleep. I had to open the window but there was a noise of cars coming from the main street. It was just this time of the year when heating was being switched off to air-conditioning. Overall, the hotel was lovely and the staff attentive and friendly.",Altius Boutique Hotel,Review 53 Similarity:  0.1386750490563073
40,"I accompanied a group of 20 college students for a study-abroad class, and we had a great experience staying at the altius. The location was convenient and the staff was very helpful. They called cabs for us frequently. They let us store a large equipment case at the front desk and gave us access to it whenever we needed it. The waiter in the breakfast room knew my morning coffee order by the second day and brought it before I even asked. The rooms were serviced regularly and well.",Altius Boutique Hotel,Review 54 Similarity:  0.35355339059327373
50,"It is my fourth time at the Altius.Friendly, attentive and generous.Large room.Very clean room.Good breakfast.Quiet location.Walking distance to University and city center.By the river promenade.For sure will return once I am back in Nicosia.",Altius Boutique Hotel,Review 55 Similarity:  0.41602514716892186
40,Very nice hotel in which I will go again. Excellent position close to everything in Nicosia. Clean and free WIFI. Breakfast offered a very good choice and service was efficient. The staff was very nice and helpful.,Altius Boutique Hotel,Review 56 Similarity:  0.1336306209562122
50,"I didn't stay a lot, but I had a pleasant stay there, nothing to complain about. The staff is helpful and the room was comfortable as well. I'd like visiting the place again, hopefully for a longer stay.",Altius Boutique Hotel,Review 57 Similarity:  0.5547001962252291
40,"This is a lovely, modern hotel in a good location, only 15 minutes walking from the Old Town gates. The staff are very nice and helpful.The room was quiet and beautifully fitted. Free WIFI was good. Free parking available.Breakfast offered a very good choice and service was efficient.Would certainly recommend this hotel.",Altius Boutique Hotel,Review 58 Similarity:  0.20851441405707477
50,"An excellent hotel close to everything in Nicosia. Clean and with free wifi, coffee making equipment, safe, and flat screen tv. Good and cheap.There is also room service, a restaurant and a bar. Parking is limited however you can find parking in near streets.",Altius Boutique Hotel,Review 59 Similarity:  0.35355339059327373
40,"Recently we attended 2 events in Nicosia back to back, Instead of dragging my 2 kids back and forth from Limassol and getting very little sleep in between, we decided to find a hotel for the night. We read in tripadvisor and saw many good reviews about this hotel and hence we decided to give it a try. We arrived around 7:30pm at night and luckily we managed to find parking space at the front of the hotel. It seemed that the hotel only offer limited parking space but I think there should be some parking near by. We were warmly welcome at the hotel by the reception staff. The room was clean. For sure the toilet needed an upgrade but still it was in reasonable condition. We asked for a family suite (effectively two double rooms jointed together.) There were plenty of space for us in the room. There was ""respectable variety"" of food for breakfast, it wasn't great but definitely not bad at all. The check-in was very fast, we did have to wait for check-out but I would say we were unlucky to caught behind a group of check-in guest. It was definitely good value for money and will consider to stay in the same hotel again.",Altius Boutique Hotel,Review 60 Similarity:  0.2004459314343183
50,"Altius is a relatively small hotel within easy walking distance of the pedestrianized part of Greek Nicosia. A professional and very welcoming staff greeted me as if I was an old friend. Good shower, clean room, bountiful breakfast and a quiet lounge and bar to gather ones thoughts. I will stay there again.",Altius Boutique Hotel,Review 61 Similarity:  0.4743416490252569
50,I visited the Altius Boutique Hotel with my family and I will surely recommend it to all my friends.The staff is very helpful and polite.The lobby is nicely decorated-very stylish. It looks like the hotel was recently renovated.Very very niceBravo!!!!,Altius Boutique Hotel,Review 62 Similarity:  0.17677669529663687
50,"Super hotel for team........ Great place,near by center. Everybody have a great attitude for clients and great wishes for everybody after visiting! I think one of the greatest things at your hotel is your staff and director with his all good comments! We Wish you luck and happy new 2016year!",Altius Boutique Hotel,Review 63 Similarity:  0.0
40,"Had to stay at a hotel on New Year's eve to make space for the teenage kids and friends at home!! So we decided to stay at Altius mainly for its proximity to my home but also from good impressions from a previous stay. Very friendly staff, room was modern and clean, the bed and pillow comfy, the bathroom clean and functional and the temperature in the room just right. Nothing fancy regarding the common areas but they were modern and functional. The breakfast was mainly average, good coffee, only one selection of cheese and the omelet which was part of the English Breakfast rather smelling strongly. Not my cup of tea. Overall, I should say its value for money for Cyprus standards (hotels in Cyprus are a bit on the overpriced rates category) and certainly much better than any other hotels in its category. Recommended!!!",Altius Boutique Hotel,Review 64 Similarity:  0.5570860145311556
30,"Room, staff and ambiance very lovely. Food dreadful, under cooked, over cooked and insufficient. Ignore the extensive menu on their website. It does not exist. Menu is limited to very simple snack food which is not cooked properly. On one occasion we had to lay our own table with no napkins available amidst the staff noisily cleaning the tables around us.We booked a twin bedded room with terrace and was given a double bed. Though relocated to a twin bedded room there was no terrace.It is a 52 room hotel but only 4 car parking spaces.Overall we could not fault the helpfulness of the staff (though not adequately trained to carry out their duties in bar or restaurant), the spaciousness and cleanliness of the room.",Altius Boutique Hotel,Review 65 Similarity:  0.40032038451271784
50,Excellent Hotel with style.Staff are very helpfull and make you feel nice and comfortable.Perphect location .Just five minutes walk from the city center .Rooms were clean and specious with nice view and balcony.,Altius Boutique Hotel,Review 66 Similarity:  0.0
50,All Stars Bar is fantastic with good atmoshere and good prices and very good service from the staff.Clean and nice room with a city view. (Free wi-fi) I loved my stay there and i will definitely stay again.,Altius Boutique Hotel,Review 67 Similarity:  0.4588314677411235
40,Thought the hotel well located. Staff were excellent and very friendly. The room included all the amenities I needed.The only suggestion I have is to work on hiding traces of the old hotel. But that definitely does not affect the stay...Enjoy,Altius Boutique Hotel,Review 68 Similarity:  0.31622776601683794
50,I was introduced to this hotel by business partners. I was very happy with the friendly reception welcome. The checking in process was fast because all the paper work was already prepared. The hotel is very clean and has a quiet environment. There is a very quiet bar for relaxation on the ground floor. The rooms are very comfortable and clean.,Altius Boutique Hotel,Review 69 Similarity:  0.0
50,"Excellent stay for 3rd time at Altius Boutique Hotel. Good location, helpful staff and caring even they encouraged me for my exams. Thank you Altius for your help and support. I will see you very soon.Maria",Altius Boutique Hotel,Review 70 Similarity:  0.4330127018922194
40,"Great service from all at the hotel, especially as one of our friends was unwell, they helped with local hospitals/pharmacy's. Location was a bit out of the way but service superb and rooms quality. Thank you x",Altius Boutique Hotel,Review 71 Similarity:  0.35355339059327373
50,"the rooms were great, the personal was very friendly! It feels like I have made friends there. I will definetly come back and can fully recommend the altius!The hotel is also in walking distance to the old town centre ...",Altius Boutique Hotel,Review 72 Similarity:  0.1889822365046136
50,"Really nice rooms, spacious and air conditioned. Friendly, helpful staff - and they even speak Finnish! Best brandy sour of Cyprus I was told - and good it was! I recommend for business or holiday (I was doing a bit both) - for business there are spacious conference rooms with conference technology needed.",Altius Boutique Hotel,Review 73 Similarity:  0.0
50,"I really enjoyed my business stay at the Altius hotel.The conference room was perfectly equiped with everything needed for a 3-day workshop. Nice food, friendly and helfpul staff, very fine rooms (mine was with balcony). Highly recommended!",Altius Boutique Hotel,Review 74 Similarity:  0.4743416490252569
50,"Very good hotel, the personnel was very kind and helpful. The category of he hotel is not so expensive, but the quality of the service was above the price.I recommend it for business or private trip.",Altius Boutique Hotel,Review 75 Similarity:  0.16666666666666666
50,"This hotel is a 15 min walk to the old city. It is located on a main boulevard towards the old city and has a small parking.We were a bit early, but the friendly staff took care of us in the modern lounge.The hotel is quite modern and has the typical business hotel atmosphere. The rooms were clean, quite and dark. The bathroom is perfect, the wifi signal varies. Breakfast was good, although not superb. It consists out of a typical cypriotic buffet.The price/quality is very fair to my opinion. A good option for tourists if you don't mind a short stroll!",Altius Boutique Hotel,Review 76 Similarity:  0.0
40,Friendly and helpfull StaffThe rooms are clean and large enoughBreakfast could have been improved by offering a bigger selection.Walking distance from city centreAir-conditioning in the room was very welcome.,Altius Boutique Hotel,Review 77 Similarity:  0.22360679774997896
50,"One of the best services I have ever received. Hotel staff is very accommodating and friendly. Great value for room, very clean and wonderful breakfast included! Thank you very much for a peaceful stay!",Altius Boutique Hotel,Review 78 Similarity:  0.35355339059327373
50,the hotel even though is in the city it is located in a quiet neighborhood. We had. A really good nigh sleep. Clean but in my opinion the staff should be more trained and the uniform should be more smart.,Altius Boutique Hotel,Review 79 Similarity:  0.0
30,"Hotel Altius Nicosia 9/1:Our 2nd stop & 3rd night on a 12-day road trip covering both parts of the island had us in Nicosia. Expectations were not high, but we opted to try the Altius because of favorable reviews. We were disappointed just the same. Up side: attentive staff, very eager to help; no charge parking; fairly clean room; decent breakfast included; 5-minute drive to old walled city. Down side: overall tired look somewhat emblematic of Nicosia itself; musty hospital-smell of Clorox probably in an effort to cover up cigarette smoke permeation; internet access poor & intermittent; bed pillows & blanket lumpy, stiff & uncomfortable; away from 'action'. Opted to cut our stay & move-on. Though untested, the Centrum Hotel in Old Town would have been a comparable & much more enjoyable choice. The 'Innocent' Wine Bar (Maria), and 'thegymconcept.' The Gym restaurant (Vasilius) were very good choices in the pedestrian area. [Now at the Rocks Hotel & Casino in Girne (Kyrenia), North Cyprus; a no-miss excellent 5-star facility.]",Altius Boutique Hotel,Review 80 Similarity:  0.3380617018914066
30,"So I'm told that this place was recently renovated, but it appears it is still undergoing some work. I moved a total of three times as a result of the air conditioning failing in two rooms, and one room being without hot water for 24 hours. The entire third floor smelled like an airport smoking room despite all rooms apparently being designated non-smoking (the smell even wafts in through the room's air-con vents so there is no escape even in the room) and there were no kitchen staff available to provide lunch at 12:30pm on a Friday. Most of the reception staff are very friendly and helpful and want to make you happy when you bring these things to their attention, but unfortunately the only solution is to make you move to another room. Also you may still get door knocks from some staff when you display the 'do not disturb' sign. Good location and relatively cheap compared to similar hotels in the area, but overall not worth the two or three hundred euros I saved by not staying elsewhere.",Altius Boutique Hotel,Review 81 Similarity:  0.38575837490522974
50,"everyone was helping with anything I asked. WiFi available, quiet place and peaceful. nice terrace outdoor with a breeze. modification on booking dates or times was no hustle. reception personnel very polite and great help.",Altius Boutique Hotel,Review 82 Similarity:  0.0
50,My two friends and I stopped over night in Nicosia on our way to Paphos and wish we could have stayed longer!! The Altius boutique Hotel was amazing! We arrived late at night and were greeted by complimentary wine and the friendliest of staff!! Our rooms were great and the complimentary breakfast in the morning was delicious! Will definitely be back!,Altius Boutique Hotel,Review 83 Similarity:  0.14433756729740646
40,"Staff at reception was very helpful and always smiling especially Aneliya she was very welcoming and her smile is always on, we had smelly room when we arrived but she acted fast and made a free upgrade to a suite and was really quick.............",Altius Boutique Hotel,Review 84 Similarity:  0.2886751345948129
50,The stuff was very friendly (even gave me a free water bottle on arrival) and the room very clean. It seems to have been recently renovated and I loved the design. Also it's very close to the centre and has convenient public transport nearby.,Altius Boutique Hotel,Review 85 Similarity:  0.2886751345948129
50,"The staff are incredibly helpful and generous. I arrived at 7:00 am after travelling through the night, intending to confirm my reservation later that day and use the wifi/charge my phone. The gentleman at the front desk not only let me check in at 7:30am (normal check in time is listed as 2:00pm) but also offered me a cappuccino and free breakfast buffet while they got the room together. Even without the early check in and additional free breakfast, it would have been an excellent deal. Very close to the close to the old city and very clean room. The only thing that could conceivably have improved my experience, would be slightly softer pillows. I can't imagine a better hotel in a similar price range. I will definitely be staying here next time I'm in Cyprus.",Altius Boutique Hotel,Review 86 Similarity:  0.2182178902359924
50,"Very nice hotel. Nice environment, friendly staff, nice service. Free WiFi. Congratulations to chef the breakfast was amazing. Excellent room. It's a modern hotel that makes you feel enthusiastic from the time you get into it. Very clean room with all the facilities. I' very happy I will come again.",Altius Boutique Hotel,Review 87 Similarity:  0.30000000000000004
50,"Very nice hotel with comfortable rooms and very helpful staff. Hotel is situated near to centre of the city. Reception is nonstop available for visitors, parking in front of the hotel is free. Good restaurants and clubs are in reachable destination. I will use this hotel again.",Altius Boutique Hotel,Review 88 Similarity:  0.0
50,"Very clean,very friendly and helpful staff,room was perfect.Nice location.The staff were very nice,free wifi,fruit on arrival in the room,plus a kettle, tea and coffee and water.when we arrived they even offered us champagne or anything else we wanted to drink,only stayed one night but i would go again.",Altius Boutique Hotel,Review 89 Similarity:  0.22941573387056174
50,"I was quite satisfied with the quality of the rooms; the lobby decor, the breakfast (usually included), cleanliness, and the location (few minutes ride to center of city or about 20-25 minutes on foot). I especially was impressed with the staff; who not only made every effort to make me comfortable they were also pleasant (and spoke English very well - tolerating my broken Greek too boot).",Altius Boutique Hotel,Review 90 Similarity:  0.0
40,"Spent 3 nights at the Altius Boutique Hotel in Nicosia between the 13th and the 15th of July for work purposes and was placed at this hotel due to the close proximity of the office to visit.Situated in a quiet area, about 20 minutes walk from the Old Town and major shopping area.The hotel is modern and with all amenities. The room has a modern decor and has coffee-making facilities. TV transmits mostly Cypriot and Greek channels but there are a couple of English-speaking channels too. This could be improved upon by say, adding a couple of Italian channels to add choice. My balcony was overlooking a main road but no particular noises could be heard. WIFI is free throughout the hotel but admittedly, not very strong.Breakfast was discreet, with a combination of continental and English breakfast, even though there were no sausages and baked beans. Just eggs (fried, scrambled and hard-boiled) and bacon.The hotel also has its own restaurant and bar but I did not have the opportunity to try them out.The staff is very cordial and helpful. They always had a smile on their face and were very polite throughout.All in all, the hotel served its purpose and I would find no difficulty whatsoever to visit again.",Altius Boutique Hotel,Review 91 Similarity:  0.14433756729740646
30,"We stayed only for one night!The hotel is renovated with modern decoration in the lobby, in the restaurant and bar! The room was clean and neat but there was a heavy smell of tabacco insight the room and a full of cigarettes ashtray on the balcony, the double bed was quite small but it was comfortable. The advantage is the free wifi in the rooms. The breakfast was not rich but it was enough to choose between an english breakfast and a healthy breakfast. A good, choice to stay for a couple of nights in Nicosia.",Altius Boutique Hotel,Review 92 Similarity:  0.3127716210856122
50,"We stayed at Altius Boutique Hotel for our wedding night and we really wanted to share our wonderful experience though this review. The suite was great, the service was amazing and the staff was outstandingly friendly, available and polite. We highly reccomend it for newly weds stay!",Altius Boutique Hotel,Review 93 Similarity:  0.5
40,"My daughter and I found the room was very clean. AC was working but we could not control from the room. The staff would turn it off at night. But when needed, they always turned it back on again. Busy hotel, but very quiet inside. Cabs were always arranged by the staff. Cab to airport was 11 euros per person, arranged by hotel staff. Breakfast was great. Restaurant food, however, could have been better. Menu did not have much selection. It was great that they had CNN news in the lobby. There is a pharmacy and a basic grocery store across from the hotel. Music was also very good-all English. Please add ABBA, Bee Gees, Eagles and Beatles to your playlist!",Altius Boutique Hotel,Review 94 Similarity:  0.1796053020267749
50,"my wife and i stayed at Altius for almost 2 months, besides from being a great value-for-money hotel, rooms were neat and very clean and the stuff was externally friendly and helpful. the hotel is located near some nice shopping streets in the ""new-city' as well as, a walking distance from the ""old-city"" which is probably the most lively area of Cyprus.",Altius Boutique Hotel,Review 95 Similarity:  0.12126781251816648
40,"Friendliness and availability of the staff will be remembered as example for every hotel. I even felt very protected when I got a call during the night with the question if everything was OK because they got (after all) a (false) signal of the smoke alarm in my room. Big room and smaller bathroom, which could use some renewal here and there (box with tissues might be a tip). Decent breakfast and relax atmosphere. 20 minutes walk of the city center and it is getting used to few comfortable pedestrian facilities on that traject, but weather was always good to do the walk. Good price/quality.",Altius Boutique Hotel,Review 96 Similarity:  0.23570226039551587
50,"I came late at night and the receptionist was really helpful and friendly.Leaving in the morning,another receptionist was as well friendly.I stayed literally few hours but my stay was amazing.Rooms are clean,staff friendly the whole vibe was really good.",Altius Boutique Hotel,Review 97 Similarity:  0.12126781251816648
50,"IÂ´ve been at Altius Boutique Hotel, Nicosia in May 2015.I had pleasant time there, got much help from reception desk.So - friendly staff, excellent food, good location and nice rooms.Keep up good service :)",Altius Boutique Hotel,Review 98 Similarity:  0.25
50,"Great location near old downtown and great restaurants. Near park and pool. Centrally located in a residential neighborhood so it is nice and quiet not in the commercial district, but close to everything.",Altius Boutique Hotel,Review 99 Similarity:  0.0
40,"I stayed here twice on separate business trips and I didn't hesitate to go back based on the wonderful service! Rooms are simple but comfortable, the breakfast buffet is more than reasonable, free wifi, a short walk into the old city, but it was the front of house staff that made it all worthwhile. Welcoming, friendly, helpful and informative. Thanks!",Altius Boutique Hotel,Review 100 Similarity:  0.1386750490563073
50,"This is a very lovely, friendly hotel. The rooms are modern, clean and well equipped. The staff is very friendly and helpful. Breakfasts were excellent with a good selection of items. The location is very convenient. A short walk to the old city, but in a quiet neighborhood. While there are so many places to eat in Nicosia, if you choose to stay in, the food here was quite good. Excellent meeting facilities. And did I say the staff was excellent? They make the place special.",Altius Boutique Hotel,Review 101 Similarity:  0.08838834764831843
50,"The hotel was great for my short stay- close enough to the city centre with very friendly, welcoming staff.Clean comfortable rooms and wifi included- well equipped with air-con and a small balcony to enjoy the sunshine!",Altius Boutique Hotel,Review 102 Similarity:  0.15811388300841897
50,"I was a study abroad student studying in Nicosia, Cyprus from America and we stayed at this hotel. The staff were wonderful, and the service was very nice. I recommend this hotel to any and everyone//",Altius Boutique Hotel,Review 103 Similarity:  0.15811388300841897
50,It is an excellent hotel with lovely and very welcoming staff and their services are very good and it's in the heart of Nicosia within a walking distance from everything you want. Ot was a lovely weekend and when i come again to Nicosia I'm definitely staying here,Altius Boutique Hotel,Review 104 Similarity:  0.0
50,"As my office was nearby I have stayed at the Altius for nearly two months while on assignment in Nicosia so I can say i really know the place.When I first came to Nicosia I was going to get an apartment but the hotel staff and the hotel is so nice I decided to just stay here and I am glad I did.The rooms are modern and super clean and have all the facilities you need. If there is ever a problem with your room or stay the staff deal with it straight away.What makes this hotel are the staff. They are all very friendly and helpful. I can honestly say that in my nearly two months here it has been like that.The other good thing about the hotel is that while it is walking distance to the Old City it is not IN the old city which can be noisy at night. Here there is no noise at all at night but if you want to go into the old city, where there are lots of bars and places to eat, it is only a 10 minute walk.The Cyprus Museum and many Government Ministries are within walking distance.The breakfast is very fresh and there is a good selection. Down the road is a great bakery and hot food take away shop called Pandora and in the immediate neighborhood there are convenience stores, a laundry and a pharmacy.Not sure when I will back in Nicosia again but next time I'l definitely stay at the Altius Hotel again.",Altius Boutique Hotel,Review 105 Similarity:  0.309426373877638
50,"a weekend in Nicosia for business. The hotel location is very good, the services excellent and the personnel very polite. The hotel is recently renovated, very beautiful interiors, and rooms with wide spaces",Altius Boutique Hotel,Review 106 Similarity:  0.0
50,"Although it is quite close to the city centre, you would not want to leave the cosy comfortable rooms of the hotel with deliciously made morning crepes served by delightfully welcoming staff. Excellent !",Altius Boutique Hotel,Review 107 Similarity:  0.0
50,Altius hotel was great! It's a quiet place with a relaxing atmosphere. The rooms are comfortable and clean. The staff were really friendly and helpful. And also there's a nice restaurant in the hotel.,Altius Boutique Hotel,Review 108 Similarity:  0.1386750490563073
40,Affordable place to stay in with lovely walks into Old town. Staff at the hotel were very hospitable and especially helpful in providing useful hints and tips on getting around the island. I have already recommended it to friends!,Altius Boutique Hotel,Review 109 Similarity:  0.22360679774997896
50,"The Altius Hotel was fantastic, the people there are truly kind and helpful in anything you need. The room is huge and spacious with nice large windows to see the view. Great lobby area and breakfast in the mornings. Not too far from all the Nicosia attractions either, overall an excellent experience if coming to Cyprus. Certainly a true at home feeling even as an American!!!",Altius Boutique Hotel,Review 110 Similarity:  0.3333333333333333
50,"If you want to feel yourself VIP person, welcome to Altius hotel. The most friendly and nice staff, delicious food, large and very comfortable and clean rooms with big beds and mirrors, and also it is near from city centre and bus stop.",Altius Boutique Hotel,Review 111 Similarity:  0.15811388300841897
50,"This hotel was excellent, the staff were very helpful and friendly and the rooms were clean and comfortable. The service was quick and efficient. I would highly recommend this hotel to all family friends and acquaintances.",Altius Boutique Hotel,Review 112 Similarity:  0.1386750490563073
50,"very good food, nice accommodation, the stuff was very friendly, excellent service, clean, nice conference rooms and just ten minutes by walk to the city center. i would definitely visit that hotel again!",Altius Boutique Hotel,Review 113 Similarity:  0.1336306209562122
50,"This is hotel with great accommodation and great staff. I spent 7 days which was full of fun. This hotel is near from city center, you need maximum 7-8 minutes to walk. There is very good sights from rooms.",Altius Boutique Hotel,Review 114 Similarity:  0.0
40,"I enjoyed the stay, They immediately served a welcome drink, allowed a late checkout, Personnel was very pleasant. Excellent bed, not too soft, not too hard. Stay was not expensive at all. It was together with the dinner a night to be remembered.",Altius Boutique Hotel,Review 115 Similarity:  0.4082482904638631
50,"The friendliest stuff in Altius will keep you in good mood always. I stayed there for 7 days and enjoyed in every meal (3 times a day). Rooms are very clean. Lobby is very cosy for chilling out. You will hardly have Internet connection problem. The hotel is just 5 minutes walk from center of Nicosia. If you ever stay in Altius Boutique ask the manager of hotel to tell you the funny stories he knows, worth to listen.Stay in Altius, stay happy :)",Altius Boutique Hotel,Review 116 Similarity:  0.5669467095138409
50,By far the best thing in this hotel were people working in it. I had great time in Altius and I'm sure I will be back there again. Rooms are clean and beautiful and the food is amazing. Thank you for a very comfortable stay.,Altius Boutique Hotel,Review 117 Similarity:  0.3333333333333333
50,"Excellent staff!! Excellent hotel <3 i liked it very much :* everything was excellent, clearnes, food, staff, place, weather ðŸ’•ðŸ’• I spent the time I never forget :)) thanks for everything I hope i will come back soon <3",Altius Boutique Hotel,Review 118 Similarity:  0.0
50,"I visited this hotel in April 2015. Great boutique hotel with high educated and hospitable personnel, always willing to help you and offer you cold orange juice. Very comfortable bed with clean bathroom - housekeeping stuff clean rooms every day.Tasty food combined with traditional salads and deserts make your stay even more sweeter.Highly recommend to all kind of travellers!",Altius Boutique Hotel,Review 119 Similarity:  0.1336306209562122
40,"Very clean.Excellent and abundant breakfast. Facilities in the room in very good working condition; including the availability of internet. Internet had very good reception at all times of the day. Since I was on a business trip, this was essential for me.What impressed me mainly was the great and warm hospitality by the employees: at the reception, dining room, cleaners....Thank you for a very comfortable stay.",Altius Boutique Hotel,Review 120 Similarity:  0.38729833462074165
50,"I stayed one week in Altius Boutique in April 2015.The rooms are great, beds are comfortable and toilet is very clean. I was having almost all meals in the hotel and they were very tastefull. Still, by far the best thing in this hotel were people working in it.I had great time in Altius and I'm sure I will be back there again.",Altius Boutique Hotel,Review 121 Similarity:  0.24253562503633297
50,Lovely hotel with very kind and professional stuff.Rooms are clean and beautiful and the food is amazing. They made my first visit and stay in Cyprus one of my best experiences ever. Strongly recommend :),Altius Boutique Hotel,Review 122 Similarity:  0.20412414523193154
50,"It was the first time we organized a European Youth Project in Altius Boutique Hotel and the experience we had was amazing. Our guests (Cyprus, Romania, Croatia, Ukraine, Georgia) was so exited with the hospitality of the Manager Mr. Theo Charalampous. The staff was very friendly and professional. The rooms was very comfortable and the food was fantastic!! The conference room has all the facilities we need and we didn't faced any problem. The interior designer make fantastic job and the decorations are amazing.",Altius Boutique Hotel,Review 123 Similarity:  0.3333333333333333
50,"excellent place!!!, friendly and professionals staff, very clean! They take care and prepare delicious food during our stay. ..perfect place to relax .. but also close to the center.Very friendly and kind owner. Thanks for making our stay so comfortable!",Altius Boutique Hotel,Review 124 Similarity:  0.2773500981126146
50,"This is a sweet hotel in one of the out-of-the-way streets of Nicosia with outstanding customer service.Greeted with smiles and offers of hot and cold drinks, the hotel receptionist was very helpful in answering our questions about the local area. Thank you very much.The room was fine with tea making facilities, a full en-suite, a balcony and air-conditioning/heating. Wifi was free and despite a busy road running behind the hotel, the room was surprisingly quiet with the balcony door closed.The bar was open and the restaurant was adequate especially for breakfast but we'd highly recommend Ledra Street (less than five euros by cab) which the receptionist can arrange. You could happily spend hours trawling the shops and eating at any of a huge choice of eateries.",Altius Boutique Hotel,Review 125 Similarity:  0.3441236008058426
50,"I have stayed at some of the best five star hotels in Europe and Asia, however this small hotel could teach them all about service.Intended to stay just for 3 nights during a conference and then move on to the Hilton. So glad I did not.Front of house staff where amazing. The rooms are confortable, the food above and beyond the hotel's rating.",Altius Boutique Hotel,Review 126 Similarity:  0.31622776601683794
50,"I am visiting Nicosia very often for business purpose; this is my first time to stay at Altius Boutique hotelThe staff is very friendly and very professional Very good breakfast, no charge for late checkout.Highly recommended!Definitely I will come again.Arie",Altius Boutique Hotel,Review 127 Similarity:  0.3333333333333333
50,"A very pleasant 3-night stay at the Altius Boutique Hotel in Nicosia - comfortable bed, clean room, all amenities including free WiFi everywhere in the hotel. Just a 15 minute walk to the Paphos Gate and entry to the walled part of the city. The staff at this hotel are exceptionally polite and accommodating and deserving of the highest praise - excellent service.",Altius Boutique Hotel,Review 128 Similarity:  0.42640143271122083
40,Excellent value for money. The staff is helpful and kind.Would recommend for short stays especially.The breakfast was included in the price of the room and was very generous.The bathroom is not renovated.,Altius Boutique Hotel,Review 129 Similarity:  0.20412414523193154
40,"Very friendly, supportive and responsive staff. Not being able to come on the predetermined dates, confirmed via www.booking.com, and not having cancelled the reservation on time, the possibility of postponing the visit for a week was offered by the hotel free of charge. It was greatly appreciated by myself and the company, I come to work for when travelling from abroad.The hotel is relatively new, offering the new and pleasant equipment, ensuring the great all-night-sleep for the busy working business people.I've chosen this hotel many times during my last trips and will choose it in the future depending on the room availability.",Altius Boutique Hotel,Review 130 Similarity:  0.125
40,"Very professional staff. Relaxing and very comfortable hotel. Location is good, rooms are spacious and clean. We booked two rooms for 1 week in late December 2014. Because of unexpected event we had to check out early and the hotel and booking.com have refund almost 50% of the sum amount which was already paid. We will stay there again when we decide to get to Cyprus again.",Altius Boutique Hotel,Review 131 Similarity:  0.1336306209562122
50,It's a really calm and good place to stay at during your trip. The staff is so helpful and friendly. They serve good breakfast and the hotel's location is near the bus station which makes transportation easy,Altius Boutique Hotel,Review 132 Similarity:  0.15075567228888181
50,"Our family and friends' family decided to chose this hotel basically because of availability , but we were surprised about all that it could offer.The 4 days we spent in that hotel and in Cyprus were calm and soothing.Though the rooms are basic with nothing that spectacular about them, they were adequate enough for a stay and spacious for all the stuff we had with us.The breakfast was appealing enough to fill your plate more than once and the service was remarkably fast.All the staff , Raya , Oliver , Evelyne , Dimitria and others were friendly and made us feel that the hotel was truly our home.They helped us discover Nicosia and provided us with a map that served us well.A highly recommended hotel for those who look for a calm and relaxing vacation with a chance to connect with people of different backgrounds.A definite come-back-to hotel.",Altius Boutique Hotel,Review 133 Similarity:  0.17677669529663687
40,"The hotel is slightly away from Nicosia centre but we had a car and needed hotel with car park and this hotel was ideal for us. No restaurants in the area so you need to look elsewhere. on a busy road but this did not disturb us much.Rooms clean, Reception staff helpful in all our enquiries provided us map of Nicosia and explanations etc. The breakfast was surprising good in that it had hot and cold buffet style. Coffee and tea were served immediately. Staff efficient. The bed was comfy and i remarked as much to my partner. Slight concern was that there was no heating in the room during the day and room felt a bit cold, but heating was on in the night and we slept well. Oh and Free Wifi!!!!",Altius Boutique Hotel,Review 134 Similarity:  0.1889822365046136
50,"Whilst the rooms are basic, they are very clean and new. The bed is comfortable. There is no real bar in the hotel that stays open late, which is a shame. The breakfast is good, although not the variety you would se at other hotels.You may be asking why have i given 5 stars. Purely comes down to service. ALL the staff were fantastic and very polite and wanting to please. I booked for two nights but i had to leave after the first due to changing flights because of strikes in Greece. I called the hotel mid morning out of courtesy. When i checked out at 1600hrs I asked if i could have a refund for the night i would not stay. They kindly agreed. They did not have to but they did.It was only by chance i booked here as everywhere else was booked due to the Barcelona vs APOEL match. When i come back i will stay here.",Altius Boutique Hotel,Review 135 Similarity:  0.375
40,"why do i have to write at least 200 chracters?is it not optional?iwant to write and share my experience with other potentional travelers in my own way.think about that and change your policy.i am sure you will rceive more comments.thank you .there are no more ""red"" parts to answer.but, we had a wonderful time in the hotel, we celebrated two very important events in our life and the hotel had wonderful surprises for us! we would like to thank the staff and especially ANELIYA for her consideration.take care and all the best, jona&eli",Altius Boutique Hotel,Review 136 Similarity:  0.0
40,"The room was spacious and nicely designed.The stuff was attentive to help and assist in every matter I approached them.Comfortable location - 15 minutes from down town (by the archaeological museum).Very generous breakfast.Will come back once I am again in Nicosia on business tour.[The only drawback was unstable WiFi in my room due to technical problem, though I was easily offered a new room - which I refused.)",Altius Boutique Hotel,Review 137 Similarity:  0.3872983346207417
50,"Every staff member, from the servers at breakfast, to the housekeepers, to the front desk are friendly and helpful, professional and efficient - which adds greatly to the fine amenities of this hotel. The decor is appealing and modern (with lots of little things thought of, like ample plug-ins for electronics), the rooms are comfy and clean. The breakfast has good variety, and the staff are watchful for your cup of java or tea being almost empty, in order to bring you another. The hotel is a 15 to 20 minute walk to the Old City - which is the best of both world's being that area is quiet at night for a good night's sleep, yet easily accessible to the bustle of the Old City. We stayed 6 nights, and after a few days in Pafos and around - we will be back to this hotel for the remainder of our Cyprus visit.",Altius Boutique Hotel,Review 138 Similarity:  0.0
30,"Staff 5/5 - Friendly and very accommodating. Speak fluent English like most people in Cyprus.Bed 4/5 - soft and comfortable. Pillows are on the thin and hard side.Room 2/5 - spacious enough, no mini-bar to store stuff, clean, but not luxurious. There was a nail coming out of a bathroom tile - a potential danger. Poor noise isolation so you can hear neighbours. That said, they weren't a bother and I slept well, but it's potentially a problem. Despite booking.com stating I'd have a double bed, I ended up with a single bed, though it was big enough.Shower 3/5. Bathtub + shower (I prefer cabins). Weak water pressure, but plenty of hot water.Internet 2/5 - fast when it works, but drops every few minutes - very frustrating to use. If you rely on it, this is a potential deal-breaker.Food 3/5 - breakfast was simple but nice with good coffee. Very limited menu for evening food, but ordering out is easy.Location 4/5 - quite central, but city centre and old town are just out of walking distance. There's nothing within the immediate vicinity however. The area is quiet, and there's a mini-market right next door. Bus stop is close and taxis are affordable. Speak with hotel before arrival if you want help with airport transport - there's a cheap minibus which will take you there directly.Overall impressions:If you can get a good price, I'd recommend the place. I'd say it would be better value if they fixed the bathroom nail, water pressure and Internet (which should have been done as these aren't expensive investments). It would be a great place worth if they sorted the noise isolation, though that would be quite costly so I can't see that happening.It's far from perfect, but I had a pleasant stay and would stay again for the right price. If you want some place with a little more quality, The Classic Hotel is a better option.",Altius Boutique Hotel,Review 139 Similarity:  0.28347335475692037
50,"I have stay at this hotel for 6 nights for business trip last month. I was really a wonderful experience, everybody in the hotel is friendly and helpful enough, the hotel is located at the center of the city, but quiet anywhere. If I get a chance to Nicosia again,I will book this hotel again.",Altius Boutique Hotel,Review 140 Similarity:  0.10660035817780521
40,"First visit to this hotel which is just a little away from the City Centre effectively in the business district. Extremely pleasant and helpful staff with clean modern rooms. Unlike other posts, the air-con was working fine-so much so we actually turned it off-but perhaps we are used to the Cyprus climate?Road noise was a bit loud but quitened down in the evening.Didn't try the restaurant in the evening but the small bar was adequate. Cold Breakfast was fine but the ""hot"" breakfast was only just acceptable-they need to turn up the temperature on the bains-marie!Parked at the hotel so a bonus there. We will definitely return",Altius Boutique Hotel,Review 141 Similarity:  0.0
20,"Air con: I stayed three nights. The air conditioning was switched off yet it was 26 degrees outside and with 80% humidity (a check on online weather history for Nicosia confirms this for my dates of stay). This meant my sleeping was interrupted and uncomfortable, waking up with beads of sweat on my forehead. Management were unwilling to deal with this claiming aircon was 'automatic' and they could not change it. This was not my problem - I had booked this hotel for aircon and was not provided with it. They then claimed that other guests 'were cold' and so it had been switched off (story number 2). However, each room has its own on/off control and so this second story also does not ring true. In short, the hotel tries to cut costs at guests' expense by switching off the air conditioning you have paid for and then present you with a 'computer says no' response when you can't sleep because of the heat. Oh, and don't think you can open the windows - it is way too noisy outside and this will keep you awake instead. They failed to provide us with a desk fan even after two requests from us - not even willing to compromise. Management then refused to compensate us - even though we had paid up front and wrote an objection on our check out. It is one thing to have broken air conditioning which hotels apologise for, it is quite another to have working air conditioning switched off and then ignore pleas from guests to switch it on. Management completely unwilling to provide what they had advertised and then refused to refund. Other reviews talk about the fact that when the air con is permitted, the hotel switches it off overnight anyway and then back on again - effectively cheating guests in a devious way. Appalling. Do not stay.",Altius Boutique Hotel,Review 142 Similarity:  0.375
30,"Nice hotel, room generally clean and spacious. A bit far out of old town, if u have a car that's not a problem as there is parking at the hotel and only short drive to old town. Breakfast fairly standard, cold Buffett and so-so coffee. The Greek yoghurt was nice tho! The one problem with the hotel is that the aircon is not turned on. I am here now in October, day time temperatures are mid-twenties and the room is very warm at night - I have not been able to sleep for 2 nights due to the heat! After speaking to the receptionist and assistant manager, they tell me they are set to on ""automatic"" and so only come on when temp is over 20c. This is unacceptable for a hotel that advertises having aircon and this being one of the reason for booking this hotel. After asking to speak to the manager we were told he is out of town and cannot be contacted. They are not allowed to manually over ride the aircon to allow us to have it on, so we are left Spending our last night sweating again! Disappointing for an otherwise ok hotel.",Altius Boutique Hotel,Review 143 Similarity:  0.13483997249264842
40,"I had an extended stay here for work and would say it's a true 3 star/boutique hotel: nice rooms and friendly staff but few amenities and some of the linens (towels and sheets) needed replacing. Otherwise the renovations are nice, but the lobby is not air conditioned, thankfully the rooms are! Breakfast and wifi was included which I think is huge; a definite plus and excellent for the value. The wifi was always functioning and very strong. Breakfast was also a nice variety of hot and cold dishes. In terms of location, it is more in a residential area near several embassies and a 10-15 minute walk to old town so not bad.What really sets this hotel apart however is the staff, quite lovely and willing to help at all hours. For example, I was headed out on a hot day and offered a complimentary bottle of cold water to take with me. In my book, such great service gives this 3 star hotel another star.",Altius Boutique Hotel,Review 144 Similarity:  0.1543033499620919
50,"Arrived at night where we were welcomed by a very friendly night attendant, the rest of the staff was also very friendly and helpful. Everybody speaks proper English. Triple room was very good value for money and breakfast was good as well!",Altius Boutique Hotel,Review 145 Similarity:  0.125
30,"on a busy street junction, renovated recently, new materials, new bathrooms but the floor is old and a little dirty, new mattresses, comfortable, big rooms, a little noise from the street if you are on the first floor, wifi is free but sometimes is buffering.only big problem the smell of mold and moisture at the lobby, it is not easy to get used to it.if you get a price more than 55 euros think it again.definitely not a boutique hotel but not bad if you only need to sleep well and go out all day.",Altius Boutique Hotel,Review 146 Similarity:  0.0
30,Definitely a bit off the beaten path. Other reviews mentioned air conditioning problems and I too experienced them - room was very stuffy - when a/c did work it did bring a bit of relief. The staff is great and does their best to make your stay pleasant. Traffic noise was evident even on the 4th floor. There are a few restaurants and cafes in few minutes walking distance. Breakfast was nice but would have liked more than one cup of coffee.,Altius Boutique Hotel,Review 147 Similarity:  0.4082482904638631
40,"I was here for one night to go to a conference and a wedding. This is a great little hotel that is situated 15-20 minute walk to the centre. There are some nearby are local restaurants, a supermarket and some cafes if you didn't want walk too far.This is a three star hotel that we booked quite cheaply and is comfortable, clean and has decent free wifi. The rooms faced the street but there was no real undue noise if the window was shut (Room has good aircon) but if open then you would hear some road noise but not much else.The staff are helpful not just with the hotel but also local sights, travel arrangements and directions. The Breakfast was a little disappointing in that I phoned to ask what time it finished and was told 09:30, I got there for 09:15 and there wasn't much left and they had run out of most cooked items. Although the waitress asked what I wanted and had it cooked it was a little disappointing that I had to ask for food and this delayed me somewhat. If I knew they would stop cooking at 09:00 I would have gone earlier.There is also a small bar in the hotel which is nice to end your evening.",Altius Boutique Hotel,Review 148 Similarity:  0.08574929257125441
20,"We were very disappointed with this hotel! It may be OK for a 1-night stopover but even then, being located between two streets, the traffic noise is really annoying and will prevent you from having a decent sleep!Breakfast was edible but kept at minimal standard... The family room itself was ok, but aircon had to stay on all night, wifi didn't work properly throughout the room, very slow, but seemed to work properly in the lobby.PS what is ""boutique"" about this hotel??",Altius Boutique Hotel,Review 149 Similarity:  0.38729833462074165
20,"Air condition is intermittent goes on and off waking up sweating in the night at 3 am , very annoying, they said it was a problem with the main unit,but 4 nights in a row and right after breakfast its working again perfectly -very suspicious to say the least.Nothing special to stay . An average hotel ,clean and ordinary . Amenities of the bathroom are low quality and breakfast not something special. Internet wifi keeps dying or is non existent. Staff quite friendly and warm I will not be using this hotel again",Altius Boutique Hotel,Review 150 Similarity:  0.1336306209562122
50,"Initially I booked this hotel via a web site so I had no contact with the hotel itself. We were only on a short trip to look at the Medical School where my son will go in September. We had some email contact prior to arrival with questions and these were dealt with so fast and with total flexibility. Our welcome on arrival from a late flight was superb. We were hungry and so Pannios arranged for a friendly taxi drive( Christos) to leave his home and take us in search of Souvlaki- you need to get the picture. This place is so customer focused it is hard to see how they make any money. The building itself is perfectly fine. The common areas are light and airily, the rooms are perfectly functional with tiled floors, aircon and basic bathroom( would have preferred a shower screen as shower curtains are a pet hate) Beds were very comfortable and we slept well on both nights. They arranged a dinner venue on night two, let us stay late on day 2 in due to late flight out- nothing was too much trouble. Highly recommend and I will be returning in October when we visit the med student in situ.",Altius Boutique Hotel,Review 151 Similarity:  0.15811388300841897
50,"3 minute drive from city center. Hotel is all renewed. Rooms are spacey, perfectly clean and comfortable, with wi-fi working all the time:)People working here are professional, most polite and ready to help.Defently a place for relax and work.You will enjoy for sure.",Altius Boutique Hotel,Review 152 Similarity:  0.0
30,We stayed in this hotel for a night. Hotel is not far from town and within easy walking distance.Breakfast is not great but is edible. Air conditioner did not work efficiently and poor wifi in room.I suppose it is not bad value for where it is positioned. It does offer free parking.We were there on a Sunday and nothing opened around hotel. You have to walk to Ledra StreetTo hit the shops.,Altius Boutique Hotel,Review 153 Similarity:  0.125
40,"The lobby and reception area of the hotel are attractive and modern and a good space to meet people or even work during the day (it was lovely and sunny and cool) and I was able to work for a number of hours while having a cool drink brought to my table - lovely!The rooms however are quite basic, but I guess you get what you pay for. (The addition of a full length mirror would be very useful though). There was wifi available both in the rooms and in the lobby area. Breakfast had a good selection and the food available for room service was adequate and served a purpose. It was great value for money taking all these things into account.However, the standard of customer service at the hotel is superb. Everyone is friendly and helpful and when they say they will do something it is done very quickly. I had a problem as (daft me) left my house keys in my hotel room. The staff were incredibly helpful on the phone and by email and organised for them to be sent directly to me. I can't thank them enough for thier help during my stay and also for sorting out getting my keys back! What great customer service. Turned what could have been an average stay into a very good stay!Thank you to everyone who works at the Altius!",Altius Boutique Hotel,Review 154 Similarity:  0.5908789478687515
50,"I travel a lot, visited many countries and stayed at different hotels. But this is the greatest experience of hotel service I ever had! Before going to Nicosia I wrote a message to the hotel manager, because I had early arrival and was trying to figure out how I should pay. The response was very quick (didn't expect that). The manager (Teo) said that I don't have to pay extra and that will be a complimentary from the hotel manager. They organize a transfer from the airport to the hotel, Christos (a wonderful taxi driver and a positive person) was waiting for me at the airport with the card with my name written in my native language(!!!). I had a warm welcoming to the hotel, my room was absolutely ready. During my staying I felt special: I could get everything I needed. Even when my laptop broke down, the manager allowed to do my business affairs on the computer at the desk(!!!).And even before check out I asked for the seafood restaurant the manager took me there(!!) and this beautiful lady at the reception desk with smile all the time made sure that I'm ok.Thank you, guys!!!I didn't feel like a guest, I felt like I'm a friend. I definitely recommend those who go to Nicosia to try this hotel! Because: 1) you will be comfortable; 2)you will be helped if needed; 3) you will feel special; 4) you will be surrounded by nice and positive people who like their job))))",Altius Boutique Hotel,Review 155 Similarity:  0.14433756729740646
30,"At first glance, this hotel looks amazing. The dÃ©cor is modern and colourful. The front desk staff are very friendly. The rooms are spacious and sunny. The buffet breakfast was very good.Getting help beyond the front desk is difficult. There are either not enough staff, or staff who don't know how to serve. The floor in my room was dirty all week, and the sheets and towels seemed a bit unclean. One of the towels had a hole in it. There was an old sock under my bed. The dinner menu was limited, and mainly chicken dishes. The menu didn't change all week. There was only 1 vegetarian option. The hotel is situated between 2 busy roads so the traffic sounds made it hard to sleep. The locals love their car horns!",Altius Boutique Hotel,Review 156 Similarity:  0.11470786693528087
50,"I enjoyed an excellent stay at the Altius. The facilities, including the catering were very good indeed and I thought that the stay was excellent value for money. The aspect of my stay which I thought was quite outstanding was the helpfulness and friendliness of your staff. I would certainly recommend the Altius to anyone visiting Nicosia.",Altius Boutique Hotel,Review 157 Similarity:  0.545544725589981
50,"Excellent services, kind stuff,great food, rooms and hotel cleaned well every day, great management - Mr. Theo Charalambous. Beautiful architecture. No problems at all ,friendly and helpfull staff.No healthy or hygiene problems.This was the best hotel in Nicosia.Thank you for everything. Andrea and Gabriel MiÅ¡kufovci.",Altius Boutique Hotel,Review 158 Similarity:  0.0
50,We were staying in Lapta in Northern Cyprus and went to Nicosia over to the Greek Cypriot side and decided to stay one night there rather than having to rush back. As soon as we stepped into this hotel we were greeted by a wonderful lady I'm only sorry I didn't get her name she offered us coffee which was welcome because it had gone quite cold for the time of year. I asked to see one of the rooms which we did and it was really modern and warm and cosy the beds were so comfy and had real feather duvets which is unusual abroad.it also had a proper bath so I was delighted to have a lovely hot bath and having had no hot water in the hotel we were staying at (see my separate review of the LA hotel in Lapta ). It was quite wonderful you don't realise how much you miss basic things like hot water until you don't have them ! Anyway we had a great stay we had sat TV which was also a treat and next morning the breakfast had bacon eggs and loads more.Because it was out of season the reception staff said we did not have to rush to check out so we were able to enjoy an extra couple of hours .this is what you call quality service and I can highly recommend this hotel and it's wonderful service and all for the cost of 50 euros .,Altius Boutique Hotel,Review 159 Similarity:  0.35355339059327373
50,"Excellent location in the centre of Nicosia. Friendly and professional atmosphere. Very good and kind staff and great management led by Mr. Theo Charalambous. Ideal business hotel, excellent services. Beautiful design and conveniently furnished rooms. I warmly recommend it.Miro FriÄ Slovakia",Altius Boutique Hotel,Review 160 Similarity:  0.0
50,"I was participate on the study stay in Cyprus - Nicosia from 8.-15.10.2013. Hotel services and lectures were conducted in a boutique hotel Altius Nicosia,under the management of Mr. Theo Charalambous. I was very pleased with the quality of services and cordial approach of the hotel management and staff to guests. Very good conditions for conferences. Thank you for this stay and highly recommend the hotel to the attention of other (especially business) travelers. very satisfied Kamila",Altius Boutique Hotel,Review 161 Similarity:  0.2785430072655778
40,"It is a very nice design hotel, with a very good and kind staff and general manager. Every services are at professional level. Food taste good and are very healthy. The best thing is wifi in rooms. We were there as a big group staying there 2 weeks",Altius Boutique Hotel,Review 162 Similarity:  0.0
20,"Prior to our stay we had asked for a quiet room. We where placed between 2 main roads on the 1st floor, thus not being able to sleep all night! The bathroom was very poorly cleaned, there where toothpaste remains. There was only half a toilet paper and no spare in the bathroom",Altius Boutique Hotel,Review 163 Similarity:  0.5773502691896258
40,"The Altius is a good value business hotel situated about fifteen minutes walk from the old city of Nicosia. Decor is modern minimalist and the rooms are spacious, clean and well air conditioned. Beds are comfortable and the hotel is in a quiet district and so a good nights sleep is assured. The breakfast buffet is average but seems to vary from day to day according to who is doing the cooking. Staff were friendly enough and averagely efficient.The downside to my stay was that my phone was stolen from the lobby area and I think the hotel should consider installing some security cameras.",Altius Boutique Hotel,Review 164 Similarity:  0.19611613513818404
30,"Helpful and friendly staff, modern entrance and bedroom.However, the room was not very clean and the bathroom needs urgent renovation.Good location, 15 minutes walk to city centre and 10 minutes walk to bus station.",Altius Boutique Hotel,Review 165 Similarity:  0.14433756729740646
40,"Spent 10 days whilst in Nicosia, The staff are very helpful, and very friendly nothing was too much trouble for them. The rooms are not extravagent but perfectly good, clean, and have everything you could need. Not a luxury hotel, but for the price very good indeed.",Altius Boutique Hotel,Review 166 Similarity:  0.0
40,I came to the Altius Hotel for a business trip and the staff were very friendly and were all smiles. Some of the staff were a little slow to understand what we were saying but it was fine. We arrived at the hotel about 10 and they didnt have an room service and the kitchen was closed so we went to sleep eating the crisps we bought from london. They had an impressive bar menu but couldnt make a few things on it like Mojitos. As there was a large group of us (around 22) they threw us a reception at the bar with small toast cheese things and some cocktail. It was very nice!The hotel it self was new and clean and the area around was quite however we found we were able to walk to and from the old town so that was pleasant. The hotel couldnt give me a iron or ironing board as they only had one which they gave to another guest! Disappointing! The room didnt have any information about the hotel however the rooms were very spacious.Not bad for a couple of nights. Breakfast was ok a lot of bread and water melon (which was lovely and sweet),Altius Boutique Hotel,Review 167 Similarity:  0.30499714066520933
50,"I spent three nights in this hotel with my friends. Accommodation was amazing, rooms are very clean, staff are very friendly and never hesitate to help in anything you need.Beside the accommodation, the hotel is a walking distance far from the down town where you can find all the restaurants and shopping centers.In case you have to visit Nicosia i strongly recommend this hotel.",Altius Boutique Hotel,Review 168 Similarity:  0.0
50,"I'm so reluctant to tell everyone about this wonderful hotel because I don't want it to change. The level of attention received here was second to none and I'm afraid that if tourists start arriving in their throngs, the excellent staff might not be able to able to sustain such wonderful standards of service. From the moment we arrived we were made to feel like a guest in every hotel should - special. The manager and manageress were kind, professional and accommodating. Breakfast was excellent and the waiters superb. The hotel itself is very clean and decorated in minimalist style. It is situated only ten minutes' walk from Paphos Gate. Everything you need is at hand including a lovely convenience store run by a friendly Kurdish man. My only criticism is that the Wifi could be stronger - but I'm sure they will iron this out.",Altius Boutique Hotel,Review 169 Similarity:  0.11180339887498948
50,"We went to Cyprus on business trip and conference in February 2013 for a whole week. The hotel Altius was booked by organizers, however I was curious to check the reviews on Tripadvisor as usual. How I was surprised hotel was listed but no any single comment showed. My first thought was either hotel is new or nobody stays there. I was right this hotel is a totally refurbished legendary Nicosia's Churchill hotel. After 15 years of being abandoned new owners completely renovated and opened under the new name of Altius in October 2012. Location is good to get to the city center and reach Ledra street in a walking distance of 15 minutes. Rooms are large and modern. All public premises looks like a kind of Scandinavian minimalism style with some historic touches from Churchill hotel period, like an authentic chandelier in the lobby. Hotel it is not big, about 50 rooms or so, however even during low season (e.g. February) the restaurant and a bar are all day open. The kitchen is trying to do their best, for example serving sophisticated traditional greek salad by adding extra ingredients, which are not necessary. The staff was friendly, we were offered by a refreshing drink immediately upon our arrival right at the front desk. During our stay several times we were greeted by a general manager within hotel areas. However the biggest surprise was a lady, marketing manager. During working hours she is taking care about hotel sales and on weekends she sings live at the bar impressing with her brilliant and strong voice, singing light jazz, traditional greek music and international hits in several languages. What a marketing approach, never had seen all working and all singing marketing manager at a hotel. Wow ! What else. Free wi-fi internet in rooms, ordinary breakfasts daily, refreshing Cyprian white wine after a long day. Hotel and especially the staff exceeded our expectations.",Altius Boutique Hotel,Review 170 Similarity:  0.12456821978060996
